"filename", "language", "JSON", "JavaScript", "HTML", "Markdown", "XML", "JavaScript JSX", "CSS", "Properties", "comment", "blank", "total"
"c:\Users\21H1 HNQA\Documents\mern_web\restaurants\README.md", "Markdown", 0, 0, 0, 2, 0, 0, 0, 0, 0, 1, 3
"c:\Users\21H1 HNQA\Documents\mern_web\restaurants\client\.eslintrc.cjs", "JavaScript", 0, 20, 0, 0, 0, 0, 0, 0, 0, 1, 21
"c:\Users\21H1 HNQA\Documents\mern_web\restaurants\client\README.md", "Markdown", 0, 0, 0, 5, 0, 0, 0, 0, 0, 4, 9
"c:\Users\21H1 HNQA\Documents\mern_web\restaurants\client\index.html", "HTML", 0, 0, 22, 0, 0, 0, 0, 0, 0, 1, 23
"c:\Users\21H1 HNQA\Documents\mern_web\restaurants\client\package-lock.json", "JSON", 10341, 0, 0, 0, 0, 0, 0, 0, 0, 1, 10342
"c:\Users\21H1 HNQA\Documents\mern_web\restaurants\client\package.json", "JSON", 58, 0, 0, 0, 0, 0, 0, 0, 0, 1, 59
"c:\Users\21H1 HNQA\Documents\mern_web\restaurants\client\public\assets\icons\ic_flag_de.svg", "XML", 0, 0, 0, 0, 1, 0, 0, 0, 0, 0, 1
"c:\Users\21H1 HNQA\Documents\mern_web\restaurants\client\public\assets\icons\ic_flag_en.svg", "XML", 0, 0, 0, 0, 1, 0, 0, 0, 0, 0, 1
"c:\Users\21H1 HNQA\Documents\mern_web\restaurants\client\public\assets\icons\ic_flag_fr.svg", "XML", 0, 0, 0, 0, 1, 0, 0, 0, 0, 0, 1
"c:\Users\21H1 HNQA\Documents\mern_web\restaurants\client\public\assets\icons\ic_notification_chat.svg", "XML", 0, 0, 0, 0, 1, 0, 0, 0, 0, 0, 1
"c:\Users\21H1 HNQA\Documents\mern_web\restaurants\client\public\assets\icons\ic_notification_mail.svg", "XML", 0, 0, 0, 0, 1, 0, 0, 0, 0, 0, 1
"c:\Users\21H1 HNQA\Documents\mern_web\restaurants\client\public\assets\icons\ic_notification_package.svg", "XML", 0, 0, 0, 0, 1, 0, 0, 0, 0, 0, 1
"c:\Users\21H1 HNQA\Documents\mern_web\restaurants\client\public\assets\icons\ic_notification_shipping.svg", "XML", 0, 0, 0, 0, 1, 0, 0, 0, 0, 0, 1
"c:\Users\21H1 HNQA\Documents\mern_web\restaurants\client\public\assets\icons\manage\ic_export.svg", "XML", 0, 0, 0, 0, 1, 0, 0, 0, 0, 0, 1
"c:\Users\21H1 HNQA\Documents\mern_web\restaurants\client\public\assets\icons\manage\ic_upload.svg", "XML", 0, 0, 0, 0, 1, 0, 0, 0, 0, 0, 1
"c:\Users\21H1 HNQA\Documents\mern_web\restaurants\client\public\assets\icons\navbar\ic_analytics.svg", "XML", 0, 0, 0, 0, 8, 0, 0, 0, 0, 1, 9
"c:\Users\21H1 HNQA\Documents\mern_web\restaurants\client\public\assets\icons\navbar\ic_cart.svg", "XML", 0, 0, 0, 0, 7, 0, 0, 0, 0, 1, 8
"c:\Users\21H1 HNQA\Documents\mern_web\restaurants\client\public\assets\icons\navbar\ic_disabled.svg", "XML", 0, 0, 0, 0, 4, 0, 0, 0, 0, 1, 5
"c:\Users\21H1 HNQA\Documents\mern_web\restaurants\client\public\assets\icons\navbar\ic_lock.svg", "XML", 0, 0, 0, 0, 4, 0, 0, 0, 0, 1, 5
"c:\Users\21H1 HNQA\Documents\mern_web\restaurants\client\public\assets\icons\navbar\ic_product.svg", "XML", 0, 0, 0, 0, 1, 0, 0, 0, 0, 0, 1
"c:\Users\21H1 HNQA\Documents\mern_web\restaurants\client\public\assets\icons\navbar\ic_user.svg", "XML", 0, 0, 0, 0, 4, 0, 0, 0, 0, 1, 5
"c:\Users\21H1 HNQA\Documents\mern_web\restaurants\client\public\assets\icons\product\ic_check.svg", "XML", 0, 0, 0, 0, 1, 0, 0, 0, 0, 0, 1
"c:\Users\21H1 HNQA\Documents\mern_web\restaurants\client\public\assets\icons\service\ic_account.svg", "XML", 0, 0, 0, 0, 34, 0, 0, 0, 0, 1, 35
"c:\Users\21H1 HNQA\Documents\mern_web\restaurants\client\public\assets\icons\service\ic_assurances.svg", "XML", 0, 0, 0, 0, 33, 0, 0, 0, 0, 1, 34
"c:\Users\21H1 HNQA\Documents\mern_web\restaurants\client\public\assets\icons\service\ic_composable.svg", "XML", 0, 0, 0, 0, 1, 0, 0, 0, 0, 0, 1
"c:\Users\21H1 HNQA\Documents\mern_web\restaurants\client\public\assets\icons\service\ic_delivery.svg", "XML", 0, 0, 0, 0, 30, 0, 0, 0, 0, 1, 31
"c:\Users\21H1 HNQA\Documents\mern_web\restaurants\client\public\assets\icons\service\ic_developer.svg", "XML", 0, 0, 0, 0, 1, 0, 0, 0, 0, 0, 1
"c:\Users\21H1 HNQA\Documents\mern_web\restaurants\client\public\assets\icons\service\ic_freeSupport.svg", "XML", 0, 0, 0, 0, 1, 0, 0, 0, 0, 0, 1
"c:\Users\21H1 HNQA\Documents\mern_web\restaurants\client\public\assets\icons\service\ic_lightDark.svg", "XML", 0, 0, 0, 0, 1, 0, 0, 0, 0, 0, 1
"c:\Users\21H1 HNQA\Documents\mern_web\restaurants\client\public\assets\icons\service\ic_package.svg", "XML", 0, 0, 0, 0, 29, 0, 0, 0, 0, 1, 30
"c:\Users\21H1 HNQA\Documents\mern_web\restaurants\client\public\assets\icons\service\ic_payment.svg", "XML", 0, 0, 0, 0, 33, 0, 0, 0, 0, 1, 34
"c:\Users\21H1 HNQA\Documents\mern_web\restaurants\client\public\assets\icons\service\ic_refund.svg", "XML", 0, 0, 0, 0, 31, 0, 0, 0, 0, 1, 32
"c:\Users\21H1 HNQA\Documents\mern_web\restaurants\client\public\assets\icons\service\ic_theme.svg", "XML", 0, 0, 0, 0, 1, 0, 0, 0, 0, 0, 1
"c:\Users\21H1 HNQA\Documents\mern_web\restaurants\client\public\assets\icons\service\ic_update.svg", "XML", 0, 0, 0, 0, 1, 0, 0, 0, 0, 0, 1
"c:\Users\21H1 HNQA\Documents\mern_web\restaurants\client\public\assets\icons\shape-avatar.svg", "XML", 0, 0, 0, 0, 1, 0, 0, 0, 0, 0, 1
"c:\Users\21H1 HNQA\Documents\mern_web\restaurants\client\public\assets\illustrations\illustration_404.svg", "XML", 0, 0, 0, 0, 40, 0, 0, 0, 0, 1, 41
"c:\Users\21H1 HNQA\Documents\mern_web\restaurants\client\public\assets\images\chooseFile.svg", "XML", 0, 0, 0, 0, 1, 0, 0, 0, 0, 0, 1
"c:\Users\21H1 HNQA\Documents\mern_web\restaurants\client\public\assets\logo.svg", "XML", 0, 0, 0, 0, 1, 0, 0, 0, 0, 0, 1
"c:\Users\21H1 HNQA\Documents\mern_web\restaurants\client\public\assets\placeholder.svg", "XML", 0, 0, 0, 0, 1, 0, 0, 0, 0, 0, 1
"c:\Users\21H1 HNQA\Documents\mern_web\restaurants\client\public\index.html", "HTML", 0, 0, 25, 0, 0, 0, 0, 0, 4, 9, 38
"c:\Users\21H1 HNQA\Documents\mern_web\restaurants\client\public\manifest.json", "JSON", 20, 0, 0, 0, 0, 0, 0, 0, 0, 1, 21
"c:\Users\21H1 HNQA\Documents\mern_web\restaurants\client\public\vite.svg", "XML", 0, 0, 0, 0, 1, 0, 0, 0, 0, 0, 1
"c:\Users\21H1 HNQA\Documents\mern_web\restaurants\client\src\.prettierrc", "JSON", 6, 0, 0, 0, 0, 0, 0, 0, 0, 0, 6
"c:\Users\21H1 HNQA\Documents\mern_web\restaurants\client\src\App.jsx", "JavaScript JSX", 0, 0, 0, 0, 0, 43, 0, 0, 6, 3, 52
"c:\Users\21H1 HNQA\Documents\mern_web\restaurants\client\src\Components\Admin\DataTable\DataTable.jsx", "JavaScript JSX", 0, 0, 0, 0, 0, 34, 0, 0, 2, 5, 41
"c:\Users\21H1 HNQA\Documents\mern_web\restaurants\client\src\Components\Admin\DataTable\index.jsx", "JavaScript JSX", 0, 0, 0, 0, 0, 1, 0, 0, 0, 0, 1
"c:\Users\21H1 HNQA\Documents\mern_web\restaurants\client\src\Components\Admin\ListItem\ListItem.jsx", "JavaScript JSX", 0, 0, 0, 0, 0, 103, 0, 0, 0, 5, 108
"c:\Users\21H1 HNQA\Documents\mern_web\restaurants\client\src\Components\Admin\Title\Title.jsx", "JavaScript JSX", 0, 0, 0, 0, 0, 13, 0, 0, 0, 3, 16
"c:\Users\21H1 HNQA\Documents\mern_web\restaurants\client\src\Components\Admin\Title\index.jsx", "JavaScript JSX", 0, 0, 0, 0, 0, 1, 0, 0, 0, 0, 1
"c:\Users\21H1 HNQA\Documents\mern_web\restaurants\client\src\Components\Admin\chart\chart.jsx", "JavaScript JSX", 0, 0, 0, 0, 0, 3, 0, 0, 0, 2, 5
"c:\Users\21H1 HNQA\Documents\mern_web\restaurants\client\src\Components\Admin\chartsVisit\index.jsx", "JavaScript JSX", 0, 0, 0, 0, 0, 4, 0, 0, 1, 5, 10
"c:\Users\21H1 HNQA\Documents\mern_web\restaurants\client\src\Components\Admin\chartsVisit\styles.jsx", "JavaScript JSX", 0, 0, 0, 0, 0, 51, 0, 0, 5, 6, 62
"c:\Users\21H1 HNQA\Documents\mern_web\restaurants\client\src\Components\Admin\chartsVisit\useChart.jsx", "JavaScript JSX", 0, 0, 0, 0, 0, 162, 0, 0, 23, 23, 208
"c:\Users\21H1 HNQA\Documents\mern_web\restaurants\client\src\Components\Admin\severity-pill\severity-pill.jsx", "JavaScript JSX", 0, 0, 0, 0, 0, 52, 0, 0, 0, 7, 59
"c:\Users\21H1 HNQA\Documents\mern_web\restaurants\client\src\Components\FormDialog\FormDialogCategory.jsx", "JavaScript JSX", 0, 0, 0, 0, 0, 77, 0, 0, 2, 9, 88
"c:\Users\21H1 HNQA\Documents\mern_web\restaurants\client\src\Components\FormDialog\FormDialogCustomer.jsx", "JavaScript JSX", 0, 0, 0, 0, 0, 78, 0, 0, 3, 8, 89
"c:\Users\21H1 HNQA\Documents\mern_web\restaurants\client\src\Components\FormDialog\FormDialogEmployee.jsx", "JavaScript JSX", 0, 0, 0, 0, 0, 104, 0, 0, 3, 7, 114
"c:\Users\21H1 HNQA\Documents\mern_web\restaurants\client\src\Components\User\color-utils\ColorMultiPicker.jsx", "JavaScript JSX", 0, 0, 0, 0, 0, 36, 0, 0, 3, 5, 44
"c:\Users\21H1 HNQA\Documents\mern_web\restaurants\client\src\Components\User\color-utils\ColorPreview.jsx", "JavaScript JSX", 0, 0, 0, 0, 0, 31, 0, 0, 2, 7, 40
"c:\Users\21H1 HNQA\Documents\mern_web\restaurants\client\src\Components\User\color-utils\ColorSinglePicker.jsx", "JavaScript JSX", 0, 0, 0, 0, 0, 29, 0, 0, 3, 6, 38
"c:\Users\21H1 HNQA\Documents\mern_web\restaurants\client\src\Components\User\color-utils\Icon.jsx", "JavaScript JSX", 0, 0, 0, 0, 0, 68, 0, 0, 3, 7, 78
"c:\Users\21H1 HNQA\Documents\mern_web\restaurants\client\src\Components\User\color-utils\index.jsx", "JavaScript JSX", 0, 0, 0, 0, 0, 3, 0, 0, 0, 1, 4
"c:\Users\21H1 HNQA\Documents\mern_web\restaurants\client\src\Components\User\iconify\Iconify.jsx", "JavaScript JSX", 0, 0, 0, 0, 0, 13, 0, 0, 3, 5, 21
"c:\Users\21H1 HNQA\Documents\mern_web\restaurants\client\src\Components\User\iconify\index.jsx", "JavaScript JSX", 0, 0, 0, 0, 0, 1, 0, 0, 0, 1, 2
"c:\Users\21H1 HNQA\Documents\mern_web\restaurants\client\src\Components\User\label\Label.jsx", "JavaScript JSX", 0, 0, 0, 0, 0, 40, 0, 0, 3, 9, 52
"c:\Users\21H1 HNQA\Documents\mern_web\restaurants\client\src\Components\User\label\index.jsx", "JavaScript JSX", 0, 0, 0, 0, 0, 1, 0, 0, 0, 1, 2
"c:\Users\21H1 HNQA\Documents\mern_web\restaurants\client\src\Components\User\label\styles.jsx", "JavaScript JSX", 0, 0, 0, 0, 0, 58, 0, 0, 7, 9, 74
"c:\Users\21H1 HNQA\Documents\mern_web\restaurants\client\src\Components\User\logo\Logo.jsx", "JavaScript JSX", 0, 0, 0, 0, 0, 46, 0, 0, 0, 6, 52
"c:\Users\21H1 HNQA\Documents\mern_web\restaurants\client\src\Components\User\logo\index.jsx", "JavaScript JSX", 0, 0, 0, 0, 0, 1, 0, 0, 0, 1, 2
"c:\Users\21H1 HNQA\Documents\mern_web\restaurants\client\src\Components\User\nav-section\NavSection.jsx", "JavaScript JSX", 0, 0, 0, 0, 0, 41, 0, 0, 4, 10, 55
"c:\Users\21H1 HNQA\Documents\mern_web\restaurants\client\src\Components\User\nav-section\index.jsx", "JavaScript JSX", 0, 0, 0, 0, 0, 1, 0, 0, 0, 1, 2
"c:\Users\21H1 HNQA\Documents\mern_web\restaurants\client\src\Components\User\nav-section\styles.jsx", "JavaScript JSX", 0, 0, 0, 0, 0, 18, 0, 0, 2, 4, 24
"c:\Users\21H1 HNQA\Documents\mern_web\restaurants\client\src\Components\User\scroll-to-top\ScrollToTop.jsx", "JavaScript JSX", 0, 0, 0, 0, 0, 9, 0, 0, 1, 5, 15
"c:\Users\21H1 HNQA\Documents\mern_web\restaurants\client\src\Components\User\scroll-to-top\index.jsx", "JavaScript JSX", 0, 0, 0, 0, 0, 1, 0, 0, 0, 1, 2
"c:\Users\21H1 HNQA\Documents\mern_web\restaurants\client\src\Components\User\scrollbar\Scrollbar.jsx", "JavaScript JSX", 0, 0, 0, 0, 0, 27, 0, 0, 3, 8, 38
"c:\Users\21H1 HNQA\Documents\mern_web\restaurants\client\src\Components\User\scrollbar\index.jsx", "JavaScript JSX", 0, 0, 0, 0, 0, 1, 0, 0, 0, 1, 2
"c:\Users\21H1 HNQA\Documents\mern_web\restaurants\client\src\Components\User\scrollbar\styles.jsx", "JavaScript JSX", 0, 0, 0, 0, 0, 27, 0, 0, 2, 4, 33
"c:\Users\21H1 HNQA\Documents\mern_web\restaurants\client\src\Components\User\svg-color\SvgColor.jsx", "JavaScript JSX", 0, 0, 0, 0, 0, 25, 0, 0, 2, 5, 32
"c:\Users\21H1 HNQA\Documents\mern_web\restaurants\client\src\Components\User\svg-color\index.jsx", "JavaScript JSX", 0, 0, 0, 0, 0, 1, 0, 0, 0, 1, 2
"c:\Users\21H1 HNQA\Documents\mern_web\restaurants\client\src\Contexts\AuthContext.jsx", "JavaScript JSX", 0, 0, 0, 0, 0, 92, 0, 0, 0, 15, 107
"c:\Users\21H1 HNQA\Documents\mern_web\restaurants\client\src\Contexts\CartContext.jsx", "JavaScript JSX", 0, 0, 0, 0, 0, 62, 0, 0, 0, 10, 72
"c:\Users\21H1 HNQA\Documents\mern_web\restaurants\client\src\Contexts\CategoryContext.jsx", "JavaScript JSX", 0, 0, 0, 0, 0, 87, 0, 0, 0, 14, 101
"c:\Users\21H1 HNQA\Documents\mern_web\restaurants\client\src\Contexts\CommonContext.jsx", "JavaScript JSX", 0, 0, 0, 0, 0, 22, 0, 0, 0, 7, 29
"c:\Users\21H1 HNQA\Documents\mern_web\restaurants\client\src\Contexts\EmployeesContext.jsx", "JavaScript JSX", 0, 0, 0, 0, 0, 89, 0, 0, 0, 12, 101
"c:\Users\21H1 HNQA\Documents\mern_web\restaurants\client\src\Contexts\OrderContext.jsx", "JavaScript JSX", 0, 0, 0, 0, 0, 62, 0, 0, 0, 10, 72
"c:\Users\21H1 HNQA\Documents\mern_web\restaurants\client\src\Contexts\ProductsContext.jsx", "JavaScript JSX", 0, 0, 0, 0, 0, 139, 0, 0, 0, 15, 154
"c:\Users\21H1 HNQA\Documents\mern_web\restaurants\client\src\Contexts\UsersContext.jsx", "JavaScript JSX", 0, 0, 0, 0, 0, 84, 0, 0, 0, 15, 99
"c:\Users\21H1 HNQA\Documents\mern_web\restaurants\client\src\GlobalStyles\GlobalStyles.css", "CSS", 0, 0, 0, 0, 0, 0, 9, 0, 0, 2, 11
"c:\Users\21H1 HNQA\Documents\mern_web\restaurants\client\src\GlobalStyles\GlobalStyles.jsx", "JavaScript JSX", 0, 0, 0, 0, 0, 5, 0, 0, 0, 3, 8
"c:\Users\21H1 HNQA\Documents\mern_web\restaurants\client\src\Pages\Admin\AdminDashboard\AdminDashboard.jsx", "JavaScript JSX", 0, 0, 0, 0, 0, 195, 0, 0, 2, 3, 200
"c:\Users\21H1 HNQA\Documents\mern_web\restaurants\client\src\Pages\Admin\AdminDashboard\index.jsx", "JavaScript JSX", 0, 0, 0, 0, 0, 1, 0, 0, 0, 1, 2
"c:\Users\21H1 HNQA\Documents\mern_web\restaurants\client\src\Pages\Admin\Auth\AdminLogin\AdminLogin.jsx", "JavaScript JSX", 0, 0, 0, 0, 0, 118, 0, 0, 0, 6, 124
"c:\Users\21H1 HNQA\Documents\mern_web\restaurants\client\src\Pages\Admin\Auth\AdminLogin\index.jsx", "JavaScript JSX", 0, 0, 0, 0, 0, 1, 0, 0, 0, 0, 1
"c:\Users\21H1 HNQA\Documents\mern_web\restaurants\client\src\Pages\Admin\CategoryManage\CategoryManage.jsx", "JavaScript JSX", 0, 0, 0, 0, 0, 248, 0, 0, 7, 18, 273
"c:\Users\21H1 HNQA\Documents\mern_web\restaurants\client\src\Pages\Admin\CategoryManage\index.jsx", "JavaScript JSX", 0, 0, 0, 0, 0, 1, 0, 0, 0, 0, 1
"c:\Users\21H1 HNQA\Documents\mern_web\restaurants\client\src\Pages\Admin\Charts\Charts.jsx", "JavaScript JSX", 0, 0, 0, 0, 0, 6, 0, 0, 0, 2, 8
"c:\Users\21H1 HNQA\Documents\mern_web\restaurants\client\src\Pages\Admin\Charts\index.jsx", "JavaScript JSX", 0, 0, 0, 0, 0, 1, 0, 0, 0, 0, 1
"c:\Users\21H1 HNQA\Documents\mern_web\restaurants\client\src\Pages\Admin\CustomerManage\CustomerDetail.jsx", "JavaScript JSX", 0, 0, 0, 0, 0, 107, 0, 0, 0, 4, 111
"c:\Users\21H1 HNQA\Documents\mern_web\restaurants\client\src\Pages\Admin\CustomerManage\CustomerManage.jsx", "JavaScript JSX", 0, 0, 0, 0, 0, 243, 0, 0, 8, 17, 268
"c:\Users\21H1 HNQA\Documents\mern_web\restaurants\client\src\Pages\Admin\CustomerManage\index.jsx", "JavaScript JSX", 0, 0, 0, 0, 0, 1, 0, 0, 0, 0, 1
"c:\Users\21H1 HNQA\Documents\mern_web\restaurants\client\src\Pages\Admin\EmployeeManage\EmployeeManage.jsx", "JavaScript JSX", 0, 0, 0, 0, 0, 276, 0, 0, 7, 19, 302
"c:\Users\21H1 HNQA\Documents\mern_web\restaurants\client\src\Pages\Admin\EmployeeManage\index.jsx", "JavaScript JSX", 0, 0, 0, 0, 0, 1, 0, 0, 0, 0, 1
"c:\Users\21H1 HNQA\Documents\mern_web\restaurants\client\src\Pages\Admin\OrderManage\OrderManage.jsx", "JavaScript JSX", 0, 0, 0, 0, 0, 191, 0, 0, 42, 20, 253
"c:\Users\21H1 HNQA\Documents\mern_web\restaurants\client\src\Pages\Admin\OrderManage\index.jsx", "JavaScript JSX", 0, 0, 0, 0, 0, 1, 0, 0, 0, 0, 1
"c:\Users\21H1 HNQA\Documents\mern_web\restaurants\client\src\Pages\Admin\ProductManage\ProductForm.jsx", "JavaScript JSX", 0, 0, 0, 0, 0, 155, 0, 0, 6, 11, 172
"c:\Users\21H1 HNQA\Documents\mern_web\restaurants\client\src\Pages\Admin\ProductManage\ProductManage.jsx", "JavaScript JSX", 0, 0, 0, 0, 0, 215, 0, 0, 6, 15, 236
"c:\Users\21H1 HNQA\Documents\mern_web\restaurants\client\src\Pages\Admin\ProductManage\index.jsx", "JavaScript JSX", 0, 0, 0, 0, 0, 2, 0, 0, 0, 0, 2
"c:\Users\21H1 HNQA\Documents\mern_web\restaurants\client\src\Pages\Page404\Page404.jsx", "JavaScript JSX", 0, 0, 0, 0, 0, 55, 0, 0, 3, 8, 66
"c:\Users\21H1 HNQA\Documents\mern_web\restaurants\client\src\Pages\Page404\index.jsx", "JavaScript JSX", 0, 0, 0, 0, 0, 1, 0, 0, 0, 0, 1
"c:\Users\21H1 HNQA\Documents\mern_web\restaurants\client\src\Pages\User\AboutPage\AboutPage.jsx", "JavaScript JSX", 0, 0, 0, 0, 0, 16, 0, 0, 3, 4, 23
"c:\Users\21H1 HNQA\Documents\mern_web\restaurants\client\src\Pages\User\AboutPage\index.jsx", "JavaScript JSX", 0, 0, 0, 0, 0, 1, 0, 0, 0, 0, 1
"c:\Users\21H1 HNQA\Documents\mern_web\restaurants\client\src\Pages\User\Auth\Login\Login.jsx", "JavaScript JSX", 0, 0, 0, 0, 0, 111, 0, 0, 7, 17, 135
"c:\Users\21H1 HNQA\Documents\mern_web\restaurants\client\src\Pages\User\Auth\Login\index.jsx", "JavaScript JSX", 0, 0, 0, 0, 0, 1, 0, 0, 0, 0, 1
"c:\Users\21H1 HNQA\Documents\mern_web\restaurants\client\src\Pages\User\Auth\Register\Register.jsx", "JavaScript JSX", 0, 0, 0, 0, 0, 126, 0, 0, 6, 19, 151
"c:\Users\21H1 HNQA\Documents\mern_web\restaurants\client\src\Pages\User\Auth\Register\index.jsx", "JavaScript JSX", 0, 0, 0, 0, 0, 1, 0, 0, 0, 0, 1
"c:\Users\21H1 HNQA\Documents\mern_web\restaurants\client\src\Pages\User\CartPages\CartPage.jsx", "JavaScript JSX", 0, 0, 0, 0, 0, 43, 0, 0, 4, 3, 50
"c:\Users\21H1 HNQA\Documents\mern_web\restaurants\client\src\Pages\User\CartPages\index.jsx", "JavaScript JSX", 0, 0, 0, 0, 0, 1, 0, 0, 0, 0, 1
"c:\Users\21H1 HNQA\Documents\mern_web\restaurants\client\src\Pages\User\DashboardAppPage\DashboardAppPage.jsx", "JavaScript JSX", 0, 0, 0, 0, 0, 26, 0, 0, 3, 6, 35
"c:\Users\21H1 HNQA\Documents\mern_web\restaurants\client\src\Pages\User\DashboardAppPage\index.jsx", "JavaScript JSX", 0, 0, 0, 0, 0, 1, 0, 0, 0, 0, 1
"c:\Users\21H1 HNQA\Documents\mern_web\restaurants\client\src\Pages\User\FAQPage\FAQPage.jsx", "JavaScript JSX", 0, 0, 0, 0, 0, 19, 0, 0, 3, 4, 26
"c:\Users\21H1 HNQA\Documents\mern_web\restaurants\client\src\Pages\User\FAQPage\index.jsx", "JavaScript JSX", 0, 0, 0, 0, 0, 1, 0, 0, 0, 0, 1
"c:\Users\21H1 HNQA\Documents\mern_web\restaurants\client\src\Pages\User\HomePage\HomePage.jsx", "JavaScript JSX", 0, 0, 0, 0, 0, 20, 0, 0, 3, 3, 26
"c:\Users\21H1 HNQA\Documents\mern_web\restaurants\client\src\Pages\User\HomePage\index.jsx", "JavaScript JSX", 0, 0, 0, 0, 0, 1, 0, 0, 0, 0, 1
"c:\Users\21H1 HNQA\Documents\mern_web\restaurants\client\src\Pages\User\OrderPage\OrderPage.jsx", "JavaScript JSX", 0, 0, 0, 0, 0, 12, 0, 0, 3, 3, 18
"c:\Users\21H1 HNQA\Documents\mern_web\restaurants\client\src\Pages\User\OrderPage\OrderSuccessPage.jsx", "JavaScript JSX", 0, 0, 0, 0, 0, 6, 0, 0, 2, 3, 11
"c:\Users\21H1 HNQA\Documents\mern_web\restaurants\client\src\Pages\User\OrderPage\index.jsx", "JavaScript JSX", 0, 0, 0, 0, 0, 2, 0, 0, 0, 0, 2
"c:\Users\21H1 HNQA\Documents\mern_web\restaurants\client\src\Pages\User\ProductsPage\ProductPageDetail.jsx", "JavaScript JSX", 0, 0, 0, 0, 0, 53, 0, 0, 0, 8, 61
"c:\Users\21H1 HNQA\Documents\mern_web\restaurants\client\src\Pages\User\ProductsPage\ProductsPage.jsx", "JavaScript JSX", 0, 0, 0, 0, 0, 53, 0, 0, 7, 10, 70
"c:\Users\21H1 HNQA\Documents\mern_web\restaurants\client\src\Pages\User\ProductsPage\index.jsx", "JavaScript JSX", 0, 0, 0, 0, 0, 2, 0, 0, 0, 0, 2
"c:\Users\21H1 HNQA\Documents\mern_web\restaurants\client\src\Pages\User\ProfilePage\ProfilePage.jsx", "JavaScript JSX", 0, 0, 0, 0, 0, 31, 0, 0, 4, 3, 38
"c:\Users\21H1 HNQA\Documents\mern_web\restaurants\client\src\Pages\User\ProfilePage\index.jsx", "JavaScript JSX", 0, 0, 0, 0, 0, 1, 0, 0, 0, 0, 1
"c:\Users\21H1 HNQA\Documents\mern_web\restaurants\client\src\Reducers\AuthReducer\action.jsx", "JavaScript JSX", 0, 0, 0, 0, 0, 7, 0, 0, 0, 2, 9
"c:\Users\21H1 HNQA\Documents\mern_web\restaurants\client\src\Reducers\AuthReducer\constants.jsx", "JavaScript JSX", 0, 0, 0, 0, 0, 1, 0, 0, 0, 1, 2
"c:\Users\21H1 HNQA\Documents\mern_web\restaurants\client\src\Reducers\AuthReducer\reducer.jsx", "JavaScript JSX", 0, 0, 0, 0, 0, 23, 0, 0, 0, 4, 27
"c:\Users\21H1 HNQA\Documents\mern_web\restaurants\client\src\Reducers\CartReducer\action.jsx", "JavaScript JSX", 0, 0, 0, 0, 0, 13, 0, 0, 0, 3, 16
"c:\Users\21H1 HNQA\Documents\mern_web\restaurants\client\src\Reducers\CartReducer\constants.jsx", "JavaScript JSX", 0, 0, 0, 0, 0, 2, 0, 0, 0, 0, 2
"c:\Users\21H1 HNQA\Documents\mern_web\restaurants\client\src\Reducers\CartReducer\reducer.jsx", "JavaScript JSX", 0, 0, 0, 0, 0, 29, 0, 0, 0, 4, 33
"c:\Users\21H1 HNQA\Documents\mern_web\restaurants\client\src\Reducers\CategoryReducer\action.jsx", "JavaScript JSX", 0, 0, 0, 0, 0, 31, 0, 0, 0, 6, 37
"c:\Users\21H1 HNQA\Documents\mern_web\restaurants\client\src\Reducers\CategoryReducer\constants.jsx", "JavaScript JSX", 0, 0, 0, 0, 0, 5, 0, 0, 0, 0, 5
"c:\Users\21H1 HNQA\Documents\mern_web\restaurants\client\src\Reducers\CategoryReducer\reducer.jsx", "JavaScript JSX", 0, 0, 0, 0, 0, 50, 0, 0, 0, 5, 55
"c:\Users\21H1 HNQA\Documents\mern_web\restaurants\client\src\Reducers\EmployeesReducer\action.jsx", "JavaScript JSX", 0, 0, 0, 0, 0, 31, 0, 0, 0, 5, 36
"c:\Users\21H1 HNQA\Documents\mern_web\restaurants\client\src\Reducers\EmployeesReducer\constants.jsx", "JavaScript JSX", 0, 0, 0, 0, 0, 5, 0, 0, 0, 0, 5
"c:\Users\21H1 HNQA\Documents\mern_web\restaurants\client\src\Reducers\EmployeesReducer\reducer.jsx", "JavaScript JSX", 0, 0, 0, 0, 0, 50, 0, 0, 0, 5, 55
"c:\Users\21H1 HNQA\Documents\mern_web\restaurants\client\src\Reducers\OrderReducer\action.jsx", "JavaScript JSX", 0, 0, 0, 0, 0, 19, 0, 0, 0, 4, 23
"c:\Users\21H1 HNQA\Documents\mern_web\restaurants\client\src\Reducers\OrderReducer\constant.jsx", "JavaScript JSX", 0, 0, 0, 0, 0, 3, 0, 0, 0, 0, 3
"c:\Users\21H1 HNQA\Documents\mern_web\restaurants\client\src\Reducers\OrderReducer\reducer.jsx", "JavaScript JSX", 0, 0, 0, 0, 0, 29, 0, 0, 0, 4, 33
"c:\Users\21H1 HNQA\Documents\mern_web\restaurants\client\src\Reducers\ProductsReducer\action.jsx", "JavaScript JSX", 0, 0, 0, 0, 0, 49, 0, 0, 0, 11, 60
"c:\Users\21H1 HNQA\Documents\mern_web\restaurants\client\src\Reducers\ProductsReducer\constants.jsx", "JavaScript JSX", 0, 0, 0, 0, 0, 8, 0, 0, 0, 0, 8
"c:\Users\21H1 HNQA\Documents\mern_web\restaurants\client\src\Reducers\ProductsReducer\reducer.jsx", "JavaScript JSX", 0, 0, 0, 0, 0, 69, 0, 0, 0, 6, 75
"c:\Users\21H1 HNQA\Documents\mern_web\restaurants\client\src\Reducers\UsersReducer\action.jsx", "JavaScript JSX", 0, 0, 0, 0, 0, 25, 0, 0, 0, 5, 30
"c:\Users\21H1 HNQA\Documents\mern_web\restaurants\client\src\Reducers\UsersReducer\constants.jsx", "JavaScript JSX", 0, 0, 0, 0, 0, 4, 0, 0, 0, 0, 4
"c:\Users\21H1 HNQA\Documents\mern_web\restaurants\client\src\Reducers\UsersReducer\reducer.jsx", "JavaScript JSX", 0, 0, 0, 0, 0, 39, 0, 0, 0, 4, 43
"c:\Users\21H1 HNQA\Documents\mern_web\restaurants\client\src\Service\authApi.jsx", "JavaScript JSX", 0, 0, 0, 0, 0, 24, 0, 0, 0, 2, 26
"c:\Users\21H1 HNQA\Documents\mern_web\restaurants\client\src\Service\axiosConfig.jsx", "JavaScript JSX", 0, 0, 0, 0, 0, 50, 0, 0, 2, 10, 62
"c:\Users\21H1 HNQA\Documents\mern_web\restaurants\client\src\Service\cartApi.jsx", "JavaScript JSX", 0, 0, 0, 0, 0, 16, 0, 0, 0, 2, 18
"c:\Users\21H1 HNQA\Documents\mern_web\restaurants\client\src\Service\categoryApi.jsx", "JavaScript JSX", 0, 0, 0, 0, 0, 24, 0, 0, 0, 2, 26
"c:\Users\21H1 HNQA\Documents\mern_web\restaurants\client\src\Service\employeeApi.jsx", "JavaScript JSX", 0, 0, 0, 0, 0, 24, 0, 0, 0, 2, 26
"c:\Users\21H1 HNQA\Documents\mern_web\restaurants\client\src\Service\orderApi.jsx", "JavaScript JSX", 0, 0, 0, 0, 0, 24, 0, 0, 0, 2, 26
"c:\Users\21H1 HNQA\Documents\mern_web\restaurants\client\src\Service\productApi.jsx", "JavaScript JSX", 0, 0, 0, 0, 0, 32, 0, 0, 0, 2, 34
"c:\Users\21H1 HNQA\Documents\mern_web\restaurants\client\src\Service\userApi.jsx", "JavaScript JSX", 0, 0, 0, 0, 0, 28, 0, 0, 0, 2, 30
"c:\Users\21H1 HNQA\Documents\mern_web\restaurants\client\src\config\editorConfig.jsx", "JavaScript JSX", 0, 0, 0, 0, 0, 25, 0, 0, 0, 1, 26
"c:\Users\21H1 HNQA\Documents\mern_web\restaurants\client\src\hooks\context\index.jsx", "JavaScript JSX", 0, 0, 0, 0, 0, 8, 0, 0, 0, 2, 10
"c:\Users\21H1 HNQA\Documents\mern_web\restaurants\client\src\hooks\context\useAuth.jsx", "JavaScript JSX", 0, 0, 0, 0, 0, 6, 0, 0, 2, 2, 10
"c:\Users\21H1 HNQA\Documents\mern_web\restaurants\client\src\hooks\context\useCart.jsx", "JavaScript JSX", 0, 0, 0, 0, 0, 6, 0, 0, 2, 3, 11
"c:\Users\21H1 HNQA\Documents\mern_web\restaurants\client\src\hooks\context\useCategory.jsx", "JavaScript JSX", 0, 0, 0, 0, 0, 6, 0, 0, 2, 3, 11
"c:\Users\21H1 HNQA\Documents\mern_web\restaurants\client\src\hooks\context\useCommon.jsx", "JavaScript JSX", 0, 0, 0, 0, 0, 6, 0, 0, 2, 3, 11
"c:\Users\21H1 HNQA\Documents\mern_web\restaurants\client\src\hooks\context\useEmployee.jsx", "JavaScript JSX", 0, 0, 0, 0, 0, 6, 0, 0, 2, 2, 10
"c:\Users\21H1 HNQA\Documents\mern_web\restaurants\client\src\hooks\context\useOrder.jsx", "JavaScript JSX", 0, 0, 0, 0, 0, 6, 0, 0, 2, 2, 10
"c:\Users\21H1 HNQA\Documents\mern_web\restaurants\client\src\hooks\context\useProduct.jsx", "JavaScript JSX", 0, 0, 0, 0, 0, 6, 0, 0, 2, 3, 11
"c:\Users\21H1 HNQA\Documents\mern_web\restaurants\client\src\hooks\context\useUser.jsx", "JavaScript JSX", 0, 0, 0, 0, 0, 6, 0, 0, 2, 3, 11
"c:\Users\21H1 HNQA\Documents\mern_web\restaurants\client\src\hooks\useReponsive.jsx", "JavaScript JSX", 0, 0, 0, 0, 0, 29, 0, 0, 4, 15, 48
"c:\Users\21H1 HNQA\Documents\mern_web\restaurants\client\src\layouts\admin\DashboardLayoutAdmin.jsx", "JavaScript JSX", 0, 0, 0, 0, 0, 210, 0, 0, 4, 13, 227
"c:\Users\21H1 HNQA\Documents\mern_web\restaurants\client\src\layouts\admin\header\NotificationsPopover.jsx", "JavaScript JSX", 0, 0, 0, 0, 0, 247, 0, 0, 6, 24, 277
"c:\Users\21H1 HNQA\Documents\mern_web\restaurants\client\src\layouts\dashboard\DashboardLayout.jsx", "JavaScript JSX", 0, 0, 0, 0, 0, 36, 0, 0, 4, 10, 50
"c:\Users\21H1 HNQA\Documents\mern_web\restaurants\client\src\layouts\dashboard\header\AccountPopover.jsx", "JavaScript JSX", 0, 0, 0, 0, 0, 101, 0, 0, 3, 12, 116
"c:\Users\21H1 HNQA\Documents\mern_web\restaurants\client\src\layouts\dashboard\header\LanguagePopover.jsx", "JavaScript JSX", 0, 0, 0, 0, 0, 75, 0, 0, 3, 10, 88
"c:\Users\21H1 HNQA\Documents\mern_web\restaurants\client\src\layouts\dashboard\header\NotificationsPopover.jsx", "JavaScript JSX", 0, 0, 0, 0, 0, 247, 0, 0, 6, 24, 277
"c:\Users\21H1 HNQA\Documents\mern_web\restaurants\client\src\layouts\dashboard\header\Searchbar.jsx", "JavaScript JSX", 0, 0, 0, 0, 0, 83, 0, 0, 0, 9, 92
"c:\Users\21H1 HNQA\Documents\mern_web\restaurants\client\src\layouts\dashboard\header\index.jsx", "JavaScript JSX", 0, 0, 0, 0, 0, 61, 0, 0, 6, 12, 79
"c:\Users\21H1 HNQA\Documents\mern_web\restaurants\client\src\layouts\dashboard\index.jsx", "JavaScript JSX", 0, 0, 0, 0, 0, 1, 0, 0, 0, 1, 2
"c:\Users\21H1 HNQA\Documents\mern_web\restaurants\client\src\layouts\dashboard\nav\config.jsx", "JavaScript JSX", 0, 0, 0, 0, 0, 25, 0, 0, 2, 5, 32
"c:\Users\21H1 HNQA\Documents\mern_web\restaurants\client\src\layouts\dashboard\nav\index.jsx", "JavaScript JSX", 0, 0, 0, 0, 0, 100, 0, 0, 8, 16, 124
"c:\Users\21H1 HNQA\Documents\mern_web\restaurants\client\src\layouts\home\HomeLayout.jsx", "JavaScript JSX", 0, 0, 0, 0, 0, 16, 0, 0, 2, 4, 22
"c:\Users\21H1 HNQA\Documents\mern_web\restaurants\client\src\layouts\home\footer\Footer.jsx", "JavaScript JSX", 0, 0, 0, 0, 0, 104, 0, 0, 3, 4, 111
"c:\Users\21H1 HNQA\Documents\mern_web\restaurants\client\src\layouts\home\header\Header.jsx", "JavaScript JSX", 0, 0, 0, 0, 0, 91, 0, 0, 3, 8, 102
"c:\Users\21H1 HNQA\Documents\mern_web\restaurants\client\src\layouts\home\header\nav\Nav.jsx", "JavaScript JSX", 0, 0, 0, 0, 0, 177, 0, 0, 2, 6, 185
"c:\Users\21H1 HNQA\Documents\mern_web\restaurants\client\src\layouts\home\header\nav\index.jsx", "JavaScript JSX", 0, 0, 0, 0, 0, 1, 0, 0, 0, 0, 1
"c:\Users\21H1 HNQA\Documents\mern_web\restaurants\client\src\layouts\home\index.jsx", "JavaScript JSX", 0, 0, 0, 0, 0, 1, 0, 0, 0, 0, 1
"c:\Users\21H1 HNQA\Documents\mern_web\restaurants\client\src\layouts\simple\SimpleLayout.jsx", "JavaScript JSX", 0, 0, 0, 0, 0, 24, 0, 0, 4, 6, 34
"c:\Users\21H1 HNQA\Documents\mern_web\restaurants\client\src\layouts\simple\index.jsx", "JavaScript JSX", 0, 0, 0, 0, 0, 1, 0, 0, 0, 1, 2
"c:\Users\21H1 HNQA\Documents\mern_web\restaurants\client\src\main.jsx", "JavaScript JSX", 0, 0, 0, 0, 0, 6, 0, 0, 6, 7, 19
"c:\Users\21H1 HNQA\Documents\mern_web\restaurants\client\src\routers\routes.jsx", "JavaScript JSX", 0, 0, 0, 0, 0, 85, 0, 0, 9, 4, 98
"c:\Users\21H1 HNQA\Documents\mern_web\restaurants\client\src\section\@dashboard\app\Category\Category.jsx", "JavaScript JSX", 0, 0, 0, 0, 0, 41, 0, 0, 4, 4, 49
"c:\Users\21H1 HNQA\Documents\mern_web\restaurants\client\src\section\@dashboard\app\Category\CategoryItem.jsx", "JavaScript JSX", 0, 0, 0, 0, 0, 22, 0, 0, 2, 5, 29
"c:\Users\21H1 HNQA\Documents\mern_web\restaurants\client\src\section\@dashboard\app\Slider\Slider.jsx", "JavaScript JSX", 0, 0, 0, 0, 0, 48, 0, 0, 3, 4, 55
"c:\Users\21H1 HNQA\Documents\mern_web\restaurants\client\src\section\@dashboard\app\Slider\SliderConfig.jsx", "JavaScript JSX", 0, 0, 0, 0, 0, 0, 0, 0, 0, 1, 1
"c:\Users\21H1 HNQA\Documents\mern_web\restaurants\client\src\section\@dashboard\app\index.jsx", "JavaScript JSX", 0, 0, 0, 0, 0, 2, 0, 0, 0, 1, 3
"c:\Users\21H1 HNQA\Documents\mern_web\restaurants\client\src\section\@dashboard\cart\CartConfirm\CartConfirm.jsx", "JavaScript JSX", 0, 0, 0, 0, 0, 180, 0, 0, 4, 10, 194
"c:\Users\21H1 HNQA\Documents\mern_web\restaurants\client\src\section\@dashboard\cart\CartConfirm\CartConfirmProductItem.jsx", "JavaScript JSX", 0, 0, 0, 0, 0, 102, 0, 0, 2, 5, 109
"c:\Users\21H1 HNQA\Documents\mern_web\restaurants\client\src\section\@dashboard\cart\CartConfirm\index.jsx", "JavaScript JSX", 0, 0, 0, 0, 0, 1, 0, 0, 0, 0, 1
"c:\Users\21H1 HNQA\Documents\mern_web\restaurants\client\src\section\@dashboard\cart\CartPayment\CartDelivery.jsx", "JavaScript JSX", 0, 0, 0, 0, 0, 120, 0, 0, 3, 8, 131
"c:\Users\21H1 HNQA\Documents\mern_web\restaurants\client\src\section\@dashboard\cart\CartPayment\CartPayment.jsx", "JavaScript JSX", 0, 0, 0, 0, 0, 23, 0, 0, 3, 4, 30
"c:\Users\21H1 HNQA\Documents\mern_web\restaurants\client\src\section\@dashboard\cart\CartPayment\CartPaymentInfo.jsx", "JavaScript JSX", 0, 0, 0, 0, 0, 65, 0, 0, 3, 8, 76
"c:\Users\21H1 HNQA\Documents\mern_web\restaurants\client\src\section\@dashboard\cart\CartPayment\CartShipInfo.jsx", "JavaScript JSX", 0, 0, 0, 0, 0, 179, 0, 0, 6, 12, 197
"c:\Users\21H1 HNQA\Documents\mern_web\restaurants\client\src\section\@dashboard\cart\CartSelect\CartSelect.jsx", "JavaScript JSX", 0, 0, 0, 0, 0, 21, 0, 0, 3, 4, 28
"c:\Users\21H1 HNQA\Documents\mern_web\restaurants\client\src\section\@dashboard\cart\CartSelect\CartSummary.jsx", "JavaScript JSX", 0, 0, 0, 0, 0, 119, 0, 0, 3, 11, 133
"c:\Users\21H1 HNQA\Documents\mern_web\restaurants\client\src\section\@dashboard\cart\CartSelect\CartTable.jsx", "JavaScript JSX", 0, 0, 0, 0, 0, 114, 0, 0, 4, 11, 129
"c:\Users\21H1 HNQA\Documents\mern_web\restaurants\client\src\section\@dashboard\cart\CartSelect\CartTableItem.jsx", "JavaScript JSX", 0, 0, 0, 0, 0, 238, 0, 0, 3, 12, 253
"c:\Users\21H1 HNQA\Documents\mern_web\restaurants\client\src\section\@dashboard\cart\CartStepper.jsx", "JavaScript JSX", 0, 0, 0, 0, 0, 159, 0, 0, 23, 16, 198
"c:\Users\21H1 HNQA\Documents\mern_web\restaurants\client\src\section\@dashboard\cart\CartWithoutProducts.jsx", "JavaScript JSX", 0, 0, 0, 0, 0, 27, 0, 0, 3, 5, 35
"c:\Users\21H1 HNQA\Documents\mern_web\restaurants\client\src\section\@dashboard\cart\index.jsx", "JavaScript JSX", 0, 0, 0, 0, 0, 2, 0, 0, 0, 2, 4
"c:\Users\21H1 HNQA\Documents\mern_web\restaurants\client\src\section\@dashboard\common\ButtonBack.jsx", "JavaScript JSX", 0, 0, 0, 0, 0, 14, 0, 0, 2, 4, 20
"c:\Users\21H1 HNQA\Documents\mern_web\restaurants\client\src\section\@dashboard\common\index.jsx", "JavaScript JSX", 0, 0, 0, 0, 0, 1, 0, 0, 0, 0, 1
"c:\Users\21H1 HNQA\Documents\mern_web\restaurants\client\src\section\@dashboard\order\OrderTab.jsx", "JavaScript JSX", 0, 0, 0, 0, 0, 35, 0, 0, 2, 4, 41
"c:\Users\21H1 HNQA\Documents\mern_web\restaurants\client\src\section\@dashboard\order\index.jsx", "JavaScript JSX", 0, 0, 0, 0, 0, 1, 0, 0, 0, 0, 1
"c:\Users\21H1 HNQA\Documents\mern_web\restaurants\client\src\section\@dashboard\products\ProductCard.jsx", "JavaScript JSX", 0, 0, 0, 0, 0, 78, 0, 0, 5, 10, 93
"c:\Users\21H1 HNQA\Documents\mern_web\restaurants\client\src\section\@dashboard\products\ProductCartWidget.jsx", "JavaScript JSX", 0, 0, 0, 0, 0, 39, 0, 0, 5, 6, 50
"c:\Users\21H1 HNQA\Documents\mern_web\restaurants\client\src\section\@dashboard\products\ProductFilterSidebar.jsx", "JavaScript JSX", 0, 0, 0, 0, 0, 194, 0, 0, 7, 17, 218
"c:\Users\21H1 HNQA\Documents\mern_web\restaurants\client\src\section\@dashboard\products\ProductList.jsx", "JavaScript JSX", 0, 0, 0, 0, 0, 17, 0, 0, 2, 4, 23
"c:\Users\21H1 HNQA\Documents\mern_web\restaurants\client\src\section\@dashboard\products\ProductPagination.jsx", "JavaScript JSX", 0, 0, 0, 0, 0, 21, 0, 0, 2, 4, 27
"c:\Users\21H1 HNQA\Documents\mern_web\restaurants\client\src\section\@dashboard\products\ProductRating.jsx", "JavaScript JSX", 0, 0, 0, 0, 0, 28, 0, 0, 0, 4, 32
"c:\Users\21H1 HNQA\Documents\mern_web\restaurants\client\src\section\@dashboard\products\ProductSort.jsx", "JavaScript JSX", 0, 0, 0, 0, 0, 65, 0, 0, 2, 7, 74
"c:\Users\21H1 HNQA\Documents\mern_web\restaurants\client\src\section\@dashboard\products\index.jsx", "JavaScript JSX", 0, 0, 0, 0, 0, 6, 0, 0, 0, 2, 8
"c:\Users\21H1 HNQA\Documents\mern_web\restaurants\client\src\section\@dashboard\products\productdetail\ProductDescription.jsx", "JavaScript JSX", 0, 0, 0, 0, 0, 30, 0, 0, 0, 5, 35
"c:\Users\21H1 HNQA\Documents\mern_web\restaurants\client\src\section\@dashboard\products\productdetail\ProductInfo.jsx", "JavaScript JSX", 0, 0, 0, 0, 0, 176, 0, 0, 5, 11, 192
"c:\Users\21H1 HNQA\Documents\mern_web\restaurants\client\src\section\@dashboard\products\productdetail\ProductQuantity.jsx", "JavaScript JSX", 0, 0, 0, 0, 0, 31, 0, 0, 2, 6, 39
"c:\Users\21H1 HNQA\Documents\mern_web\restaurants\client\src\section\@dashboard\products\productdetail\ProductService.jsx", "JavaScript JSX", 0, 0, 0, 0, 0, 51, 0, 0, 3, 3, 57
"c:\Users\21H1 HNQA\Documents\mern_web\restaurants\client\src\section\@dashboard\products\productdetail\ProductSlider.jsx", "JavaScript JSX", 0, 0, 0, 0, 0, 29, 0, 0, 0, 6, 35
"c:\Users\21H1 HNQA\Documents\mern_web\restaurants\client\src\section\@dashboard\products\productdetail\ProductTabs.jsx", "JavaScript JSX", 0, 0, 0, 0, 0, 37, 0, 0, 3, 6, 46
"c:\Users\21H1 HNQA\Documents\mern_web\restaurants\client\src\section\@dashboard\products\productdetail\index.jsx", "JavaScript JSX", 0, 0, 0, 0, 0, 5, 0, 0, 0, 1, 6
"c:\Users\21H1 HNQA\Documents\mern_web\restaurants\client\src\section\@dashboard\profile\PreviewAvatar.jsx", "JavaScript JSX", 0, 0, 0, 0, 0, 51, 0, 0, 4, 6, 61
"c:\Users\21H1 HNQA\Documents\mern_web\restaurants\client\src\section\@dashboard\profile\ProfileCardAvatar.jsx", "JavaScript JSX", 0, 0, 0, 0, 0, 70, 0, 0, 34, 5, 109
"c:\Users\21H1 HNQA\Documents\mern_web\restaurants\client\src\section\@dashboard\profile\ProfileCardInfo.jsx", "JavaScript JSX", 0, 0, 0, 0, 0, 132, 0, 0, 3, 8, 143
"c:\Users\21H1 HNQA\Documents\mern_web\restaurants\client\src\section\@dashboard\profile\index.jsx", "JavaScript JSX", 0, 0, 0, 0, 0, 2, 0, 0, 0, 0, 2
"c:\Users\21H1 HNQA\Documents\mern_web\restaurants\client\src\section\about\Banner.jsx", "JavaScript JSX", 0, 0, 0, 0, 0, 83, 0, 0, 2, 5, 90
"c:\Users\21H1 HNQA\Documents\mern_web\restaurants\client\src\section\about\WhatIs.jsx", "JavaScript JSX", 0, 0, 0, 0, 0, 102, 0, 0, 2, 5, 109
"c:\Users\21H1 HNQA\Documents\mern_web\restaurants\client\src\section\about\index.jsx", "JavaScript JSX", 0, 0, 0, 0, 0, 3, 0, 0, 0, 2, 5
"c:\Users\21H1 HNQA\Documents\mern_web\restaurants\client\src\section\about\slider\Slider.jsx", "JavaScript JSX", 0, 0, 0, 0, 0, 36, 0, 0, 4, 4, 44
"c:\Users\21H1 HNQA\Documents\mern_web\restaurants\client\src\section\about\slider\SliderItem.jsx", "JavaScript JSX", 0, 0, 0, 0, 0, 83, 0, 0, 3, 6, 92
"c:\Users\21H1 HNQA\Documents\mern_web\restaurants\client\src\section\about\slider\sliderConfig.jsx", "JavaScript JSX", 0, 0, 0, 0, 0, 75, 0, 0, 0, 1, 76
"c:\Users\21H1 HNQA\Documents\mern_web\restaurants\client\src\section\admin\dashboard\AppWebsiteVisits.jsx", "JavaScript JSX", 0, 0, 0, 0, 0, 38, 0, 0, 3, 5, 46
"c:\Users\21H1 HNQA\Documents\mern_web\restaurants\client\src\section\admin\dashboard\index.jsx", "JavaScript JSX", 0, 0, 0, 0, 0, 9, 0, 0, 0, 1, 10
"c:\Users\21H1 HNQA\Documents\mern_web\restaurants\client\src\section\admin\dashboard\overview-budget.jsx", "JavaScript JSX", 0, 0, 0, 0, 0, 83, 0, 0, 0, 4, 87
"c:\Users\21H1 HNQA\Documents\mern_web\restaurants\client\src\section\admin\dashboard\overview-latest-orders.jsx", "JavaScript JSX", 0, 0, 0, 0, 0, 83, 0, 0, 0, 6, 89
"c:\Users\21H1 HNQA\Documents\mern_web\restaurants\client\src\section\admin\dashboard\overview-latest-products.jsx", "JavaScript JSX", 0, 0, 0, 0, 0, 90, 0, 0, 0, 6, 96
"c:\Users\21H1 HNQA\Documents\mern_web\restaurants\client\src\section\admin\dashboard\overview-sales.jsx", "JavaScript JSX", 0, 0, 0, 0, 0, 155, 0, 0, 0, 6, 161
"c:\Users\21H1 HNQA\Documents\mern_web\restaurants\client\src\section\admin\dashboard\overview-tasks-progress.jsx", "JavaScript JSX", 0, 0, 0, 0, 0, 62, 0, 0, 0, 4, 66
"c:\Users\21H1 HNQA\Documents\mern_web\restaurants\client\src\section\admin\dashboard\overview-total-customers.jsx", "JavaScript JSX", 0, 0, 0, 0, 0, 83, 0, 0, 0, 4, 87
"c:\Users\21H1 HNQA\Documents\mern_web\restaurants\client\src\section\admin\dashboard\overview-total-profit.jsx", "JavaScript JSX", 0, 0, 0, 0, 0, 46, 0, 0, 0, 4, 50
"c:\Users\21H1 HNQA\Documents\mern_web\restaurants\client\src\section\admin\dashboard\overview-traffic.jsx", "JavaScript JSX", 0, 0, 0, 0, 0, 131, 0, 0, 0, 8, 139
"c:\Users\21H1 HNQA\Documents\mern_web\restaurants\client\src\section\admin\product\ProductFormDetail.jsx", "JavaScript JSX", 0, 0, 0, 0, 0, 63, 0, 0, 3, 5, 71
"c:\Users\21H1 HNQA\Documents\mern_web\restaurants\client\src\section\admin\product\ProductFormImage.jsx", "JavaScript JSX", 0, 0, 0, 0, 0, 55, 0, 0, 79, 8, 142
"c:\Users\21H1 HNQA\Documents\mern_web\restaurants\client\src\section\admin\product\ProductFormPrice.jsx", "JavaScript JSX", 0, 0, 0, 0, 0, 39, 0, 0, 2, 5, 46
"c:\Users\21H1 HNQA\Documents\mern_web\restaurants\client\src\section\admin\product\ProductFormProperty.jsx", "JavaScript JSX", 0, 0, 0, 0, 0, 129, 0, 0, 3, 9, 141
"c:\Users\21H1 HNQA\Documents\mern_web\restaurants\client\src\section\admin\product\index.jsx", "JavaScript JSX", 0, 0, 0, 0, 0, 4, 0, 0, 0, 3, 7
"c:\Users\21H1 HNQA\Documents\mern_web\restaurants\client\src\section\auth\LoginForm\LoginForm.jsx", "JavaScript JSX", 0, 0, 0, 0, 0, 121, 0, 0, 3, 10, 134
"c:\Users\21H1 HNQA\Documents\mern_web\restaurants\client\src\section\auth\LoginForm\index.jsx", "JavaScript JSX", 0, 0, 0, 0, 0, 1, 0, 0, 0, 0, 1
"c:\Users\21H1 HNQA\Documents\mern_web\restaurants\client\src\section\auth\RegisterForm\RegisterForm.jsx", "JavaScript JSX", 0, 0, 0, 0, 0, 190, 0, 0, 3, 10, 203
"c:\Users\21H1 HNQA\Documents\mern_web\restaurants\client\src\section\auth\RegisterForm\index.jsx", "JavaScript JSX", 0, 0, 0, 0, 0, 1, 0, 0, 0, 0, 1
"c:\Users\21H1 HNQA\Documents\mern_web\restaurants\client\src\section\faq\Accordion.jsx", "JavaScript JSX", 0, 0, 0, 0, 0, 40, 0, 0, 3, 4, 47
"c:\Users\21H1 HNQA\Documents\mern_web\restaurants\client\src\section\faq\AccordionItems.jsx", "JavaScript JSX", 0, 0, 0, 0, 0, 33, 0, 0, 0, 2, 35
"c:\Users\21H1 HNQA\Documents\mern_web\restaurants\client\src\section\faq\Banner.jsx", "JavaScript JSX", 0, 0, 0, 0, 0, 115, 0, 0, 2, 5, 122
"c:\Users\21H1 HNQA\Documents\mern_web\restaurants\client\src\section\faq\ContactForm.jsx", "JavaScript JSX", 0, 0, 0, 0, 0, 60, 0, 0, 2, 6, 68
"c:\Users\21H1 HNQA\Documents\mern_web\restaurants\client\src\section\faq\Service.jsx", "JavaScript JSX", 0, 0, 0, 0, 0, 97, 0, 0, 2, 6, 105
"c:\Users\21H1 HNQA\Documents\mern_web\restaurants\client\src\section\faq\index.jsx", "JavaScript JSX", 0, 0, 0, 0, 0, 4, 0, 0, 0, 3, 7
"c:\Users\21H1 HNQA\Documents\mern_web\restaurants\client\src\section\home\Main\Main.jsx", "JavaScript JSX", 0, 0, 0, 0, 0, 198, 0, 0, 1, 12, 211
"c:\Users\21H1 HNQA\Documents\mern_web\restaurants\client\src\section\home\Main\index.jsx", "JavaScript JSX", 0, 0, 0, 0, 0, 1, 0, 0, 0, 0, 1
"c:\Users\21H1 HNQA\Documents\mern_web\restaurants\client\src\section\home\accordion\Accordion.jsx", "JavaScript JSX", 0, 0, 0, 0, 0, 43, 0, 0, 4, 4, 51
"c:\Users\21H1 HNQA\Documents\mern_web\restaurants\client\src\section\home\accordion\AccordionItems.jsx", "JavaScript JSX", 0, 0, 0, 0, 0, 33, 0, 0, 0, 2, 35
"c:\Users\21H1 HNQA\Documents\mern_web\restaurants\client\src\section\home\accordion\StillQuestions.jsx", "JavaScript JSX", 0, 0, 0, 0, 0, 49, 0, 0, 2, 5, 56
"c:\Users\21H1 HNQA\Documents\mern_web\restaurants\client\src\section\home\accordion\index.jsx", "JavaScript JSX", 0, 0, 0, 0, 0, 1, 0, 0, 0, 0, 1
"c:\Users\21H1 HNQA\Documents\mern_web\restaurants\client\src\section\home\info\Info.jsx", "JavaScript JSX", 0, 0, 0, 0, 0, 56, 0, 0, 3, 4, 63
"c:\Users\21H1 HNQA\Documents\mern_web\restaurants\client\src\section\home\info\InfoCard.jsx", "JavaScript JSX", 0, 0, 0, 0, 0, 61, 0, 0, 2, 5, 68
"c:\Users\21H1 HNQA\Documents\mern_web\restaurants\client\src\section\home\info\index.jsx", "JavaScript JSX", 0, 0, 0, 0, 0, 1, 0, 0, 0, 0, 1
"c:\Users\21H1 HNQA\Documents\mern_web\restaurants\client\src\section\home\service\Service.jsx", "JavaScript JSX", 0, 0, 0, 0, 0, 35, 0, 0, 4, 4, 43
"c:\Users\21H1 HNQA\Documents\mern_web\restaurants\client\src\section\home\service\ServiceItem.jsx", "JavaScript JSX", 0, 0, 0, 0, 0, 30, 0, 0, 3, 4, 37
"c:\Users\21H1 HNQA\Documents\mern_web\restaurants\client\src\section\home\service\config.jsx", "JavaScript JSX", 0, 0, 0, 0, 0, 36, 0, 0, 0, 2, 38
"c:\Users\21H1 HNQA\Documents\mern_web\restaurants\client\src\section\home\service\index.jsx", "JavaScript JSX", 0, 0, 0, 0, 0, 1, 0, 0, 0, 0, 1
"c:\Users\21H1 HNQA\Documents\mern_web\restaurants\client\src\section\home\trusted\Trusted.jsx", "JavaScript JSX", 0, 0, 0, 0, 0, 27, 0, 0, 1, 3, 31
"c:\Users\21H1 HNQA\Documents\mern_web\restaurants\client\src\section\home\trusted\index.jsx", "JavaScript JSX", 0, 0, 0, 0, 0, 1, 0, 0, 0, 0, 1
"c:\Users\21H1 HNQA\Documents\mern_web\restaurants\client\src\serviceWorker.jsx", "JavaScript JSX", 0, 0, 0, 0, 0, 89, 0, 0, 33, 14, 136
"c:\Users\21H1 HNQA\Documents\mern_web\restaurants\client\src\theme\ThemeProviders.jsx", "JavaScript JSX", 0, 0, 0, 0, 0, 37, 0, 0, 3, 7, 47
"c:\Users\21H1 HNQA\Documents\mern_web\restaurants\client\src\theme\customShadows.jsx", "JavaScript JSX", 0, 0, 0, 0, 0, 24, 0, 0, 5, 4, 33
"c:\Users\21H1 HNQA\Documents\mern_web\restaurants\client\src\theme\globalStyles.jsx", "JavaScript JSX", 0, 0, 0, 0, 0, 57, 0, 0, 5, 5, 67
"c:\Users\21H1 HNQA\Documents\mern_web\restaurants\client\src\theme\overrides\Autocomplete.jsx", "JavaScript JSX", 0, 0, 0, 0, 0, 11, 0, 0, 1, 2, 14
"c:\Users\21H1 HNQA\Documents\mern_web\restaurants\client\src\theme\overrides\Backdrop.jsx", "JavaScript JSX", 0, 0, 0, 0, 0, 15, 0, 0, 1, 3, 19
"c:\Users\21H1 HNQA\Documents\mern_web\restaurants\client\src\theme\overrides\Button.jsx", "JavaScript JSX", 0, 0, 0, 0, 0, 41, 0, 0, 1, 3, 45
"c:\Users\21H1 HNQA\Documents\mern_web\restaurants\client\src\theme\overrides\Card.jsx", "JavaScript JSX", 0, 0, 0, 0, 0, 32, 0, 0, 1, 2, 35
"c:\Users\21H1 HNQA\Documents\mern_web\restaurants\client\src\theme\overrides\Input.jsx", "JavaScript JSX", 0, 0, 0, 0, 0, 64, 0, 0, 1, 3, 68
"c:\Users\21H1 HNQA\Documents\mern_web\restaurants\client\src\theme\overrides\Paper.jsx", "JavaScript JSX", 0, 0, 0, 0, 0, 14, 0, 0, 1, 2, 17
"c:\Users\21H1 HNQA\Documents\mern_web\restaurants\client\src\theme\overrides\Table.jsx", "JavaScript JSX", 0, 0, 0, 0, 0, 12, 0, 0, 1, 2, 15
"c:\Users\21H1 HNQA\Documents\mern_web\restaurants\client\src\theme\overrides\Tooltip.jsx", "JavaScript JSX", 0, 0, 0, 0, 0, 14, 0, 0, 1, 2, 17
"c:\Users\21H1 HNQA\Documents\mern_web\restaurants\client\src\theme\overrides\Typography.jsx", "JavaScript JSX", 0, 0, 0, 0, 0, 14, 0, 0, 1, 2, 17
"c:\Users\21H1 HNQA\Documents\mern_web\restaurants\client\src\theme\overrides\index.jsx", "JavaScript JSX", 0, 0, 0, 0, 0, 22, 0, 0, 2, 3, 27
"c:\Users\21H1 HNQA\Documents\mern_web\restaurants\client\src\theme\palette.jsx", "JavaScript JSX", 0, 0, 0, 0, 0, 93, 0, 0, 2, 11, 106
"c:\Users\21H1 HNQA\Documents\mern_web\restaurants\client\src\theme\shadows.jsx", "JavaScript JSX", 0, 0, 0, 0, 0, 35, 0, 0, 3, 4, 42
"c:\Users\21H1 HNQA\Documents\mern_web\restaurants\client\src\theme\typography.jsx", "JavaScript JSX", 0, 0, 0, 0, 0, 97, 0, 0, 3, 8, 108
"c:\Users\21H1 HNQA\Documents\mern_web\restaurants\client\src\utils\cssStyles.jsx", "JavaScript JSX", 0, 0, 0, 0, 0, 78, 0, 0, 7, 17, 102
"c:\Users\21H1 HNQA\Documents\mern_web\restaurants\client\src\utils\formatNumber.jsx", "JavaScript JSX", 0, 0, 0, 0, 0, 24, 0, 0, 1, 13, 38
"c:\Users\21H1 HNQA\Documents\mern_web\restaurants\client\src\utils\formatTime.jsx", "JavaScript JSX", 0, 0, 0, 0, 0, 19, 0, 0, 1, 8, 28
"c:\Users\21H1 HNQA\Documents\mern_web\restaurants\client\src\utils\setAuthToken.jsx", "JavaScript JSX", 0, 0, 0, 0, 0, 9, 0, 0, 0, 3, 12
"c:\Users\21H1 HNQA\Documents\mern_web\restaurants\client\vite.config.js", "JavaScript", 0, 5, 0, 0, 0, 0, 0, 0, 1, 2, 8
"c:\Users\21H1 HNQA\Documents\mern_web\restaurants\server\package-lock.json", "JSON", 2989, 0, 0, 0, 0, 0, 0, 0, 0, 1, 2990
"c:\Users\21H1 HNQA\Documents\mern_web\restaurants\server\package.json", "JSON", 44, 0, 0, 0, 0, 0, 0, 0, 0, 1, 45
"c:\Users\21H1 HNQA\Documents\mern_web\restaurants\server\src\.prettierrc", "JSON", 6, 0, 0, 0, 0, 0, 0, 0, 0, 0, 6
"c:\Users\21H1 HNQA\Documents\mern_web\restaurants\server\src\app\controllers\AdminAuthController.mjs", "JavaScript", 0, 112, 0, 0, 0, 0, 0, 0, 0, 13, 125
"c:\Users\21H1 HNQA\Documents\mern_web\restaurants\server\src\app\controllers\AuthController.mjs", "JavaScript", 0, 158, 0, 0, 0, 0, 0, 0, 0, 21, 179
"c:\Users\21H1 HNQA\Documents\mern_web\restaurants\server\src\app\controllers\CartsController.mjs", "JavaScript", 0, 98, 0, 0, 0, 0, 0, 0, 0, 18, 116
"c:\Users\21H1 HNQA\Documents\mern_web\restaurants\server\src\app\controllers\CategorysController.mjs", "JavaScript", 0, 110, 0, 0, 0, 0, 0, 0, 0, 10, 120
"c:\Users\21H1 HNQA\Documents\mern_web\restaurants\server\src\app\controllers\EmployeesController.mjs", "JavaScript", 0, 140, 0, 0, 0, 0, 0, 0, 0, 13, 153
"c:\Users\21H1 HNQA\Documents\mern_web\restaurants\server\src\app\controllers\OrdersController.mjs", "JavaScript", 0, 128, 0, 0, 0, 0, 0, 0, 0, 10, 138
"c:\Users\21H1 HNQA\Documents\mern_web\restaurants\server\src\app\controllers\ProductsController.mjs", "JavaScript", 0, 187, 0, 0, 0, 0, 0, 0, 0, 19, 206
"c:\Users\21H1 HNQA\Documents\mern_web\restaurants\server\src\app\controllers\UsersController.mjs", "JavaScript", 0, 159, 0, 0, 0, 0, 0, 0, 0, 10, 169
"c:\Users\21H1 HNQA\Documents\mern_web\restaurants\server\src\app\models\Carts.mjs", "JavaScript", 0, 17, 0, 0, 0, 0, 0, 0, 0, 3, 20
"c:\Users\21H1 HNQA\Documents\mern_web\restaurants\server\src\app\models\Categorys.mjs", "JavaScript", 0, 18, 0, 0, 0, 0, 0, 0, 0, 3, 21
"c:\Users\21H1 HNQA\Documents\mern_web\restaurants\server\src\app\models\DiscountCode.mjs", "JavaScript", 0, 9, 0, 0, 0, 0, 0, 0, 0, 3, 12
"c:\Users\21H1 HNQA\Documents\mern_web\restaurants\server\src\app\models\Employees.mjs", "JavaScript", 0, 110, 0, 0, 0, 0, 0, 0, 0, 7, 117
"c:\Users\21H1 HNQA\Documents\mern_web\restaurants\server\src\app\models\Orders.mjs", "JavaScript", 0, 61, 0, 0, 0, 0, 0, 0, 0, 3, 64
"c:\Users\21H1 HNQA\Documents\mern_web\restaurants\server\src\app\models\Payments.mjs", "JavaScript", 0, 25, 0, 0, 0, 0, 0, 0, 0, 3, 28
"c:\Users\21H1 HNQA\Documents\mern_web\restaurants\server\src\app\models\Products.mjs", "JavaScript", 0, 88, 0, 0, 0, 0, 0, 0, 0, 4, 92
"c:\Users\21H1 HNQA\Documents\mern_web\restaurants\server\src\app\models\Roles.mjs", "JavaScript", 0, 14, 0, 0, 0, 0, 0, 0, 0, 3, 17
"c:\Users\21H1 HNQA\Documents\mern_web\restaurants\server\src\app\models\Users.mjs", "JavaScript", 0, 105, 0, 0, 0, 0, 0, 0, 0, 7, 112
"c:\Users\21H1 HNQA\Documents\mern_web\restaurants\server\src\config\cashbinConfig\cashbinConfig.conf", "Properties", 0, 0, 0, 0, 0, 0, 0, 8, 0, 5, 13
"c:\Users\21H1 HNQA\Documents\mern_web\restaurants\server\src\config\cloudinary\index.mjs", "JavaScript", 0, 9, 0, 0, 0, 0, 0, 0, 0, 3, 12
"c:\Users\21H1 HNQA\Documents\mern_web\restaurants\server\src\config\database\index.mjs", "JavaScript", 0, 17, 0, 0, 0, 0, 0, 0, 0, 3, 20
"c:\Users\21H1 HNQA\Documents\mern_web\restaurants\server\src\index.mjs", "JavaScript", 0, 27, 0, 0, 0, 0, 0, 0, 5, 10, 42
"c:\Users\21H1 HNQA\Documents\mern_web\restaurants\server\src\middleware\auth.mjs", "JavaScript", 0, 21, 0, 0, 0, 0, 0, 0, 2, 4, 27
"c:\Users\21H1 HNQA\Documents\mern_web\restaurants\server\src\middleware\cashbinMiddleware.mjs", "JavaScript", 0, 26, 0, 0, 0, 0, 0, 0, 0, 6, 32
"c:\Users\21H1 HNQA\Documents\mern_web\restaurants\server\src\routes\adminAuthRouter.mjs", "JavaScript", 0, 9, 0, 0, 0, 0, 0, 0, 3, 4, 16
"c:\Users\21H1 HNQA\Documents\mern_web\restaurants\server\src\routes\authRouter.mjs", "JavaScript", 0, 10, 0, 0, 0, 0, 0, 0, 3, 4, 17
"c:\Users\21H1 HNQA\Documents\mern_web\restaurants\server\src\routes\cartRouter.mjs", "JavaScript", 0, 9, 0, 0, 0, 0, 0, 0, 2, 5, 16
"c:\Users\21H1 HNQA\Documents\mern_web\restaurants\server\src\routes\categorysRouter.mjs", "JavaScript", 0, 11, 0, 0, 0, 0, 0, 0, 3, 4, 18
"c:\Users\21H1 HNQA\Documents\mern_web\restaurants\server\src\routes\employeesRouter.mjs", "JavaScript", 0, 11, 0, 0, 0, 0, 0, 0, 3, 4, 18
"c:\Users\21H1 HNQA\Documents\mern_web\restaurants\server\src\routes\index.mjs", "JavaScript", 0, 19, 0, 0, 0, 0, 0, 0, 2, 6, 27
"c:\Users\21H1 HNQA\Documents\mern_web\restaurants\server\src\routes\ordersRouter.mjs", "JavaScript", 0, 11, 0, 0, 0, 0, 0, 0, 2, 5, 18
"c:\Users\21H1 HNQA\Documents\mern_web\restaurants\server\src\routes\productsRouter.mjs", "JavaScript", 0, 13, 0, 0, 0, 0, 0, 0, 2, 5, 20
"c:\Users\21H1 HNQA\Documents\mern_web\restaurants\server\src\routes\usersRouter.mjs", "JavaScript", 0, 12, 0, 0, 0, 0, 0, 0, 2, 6, 20
"Total", "-", 13464, 1769, 47, 7, 279, 12773, 9, 8, 696, 1610, 30662